,'aaaa aaaa','aaa.com','000-0000-0000','aaa@aaa.com',,
,'bbbb bbbb','bbb.com','111-1111-1111','bbb@bbb.com',,
,'cccc cccc','ccc.com','222-2222-2222','ccc@ccc.com',,
,'dddd dddd','ddd.com','333-3333-3333','ddd@ddd.com',,
,'eeee eeee','eee.com','444-4444-4444','eee@eee.com',,
,'ffff ffff','fff.com','555-5555-5555','fff@fff.com',,
,'gggg gggg','ggg.com','666-6666-6666','ggg@ggg.com',,
,'hhhh hhhh','hhh.com','777-7777-7777','hhh@hhh.com',,
,'iiii iiii','iii.com','888-8888-8888','iii@iii.com',,
,'jjjj jjjj','jjj.com','999-9999-9999','jjj@jjj.com',,
,'kkkk kkkk','kkk.com','***-****-****','kkk@kkk.com',,
,'llll llll','lll.com','***-****-****','lll@lll.com',,
,'mmmm mmmm','mmm.com','***-****-****','mmm@mmm.com',,
,'nnnn nnnn','nnn.com','***-****-****','nnn@nnn.com',,
,'oooo oooo','ooo.com','***-****-****','ooo@ooo.com',,
,'pppp pppp','ppp.com','***-****-****','ppp@ppp.com',,
,'qqqq qqqq','qqq.com','***-****-****','qqq@qqq.com',,
,'rrrr rrrr','rrr.com','***-****-****','rrr@rrr.com',,
,'ssss ssss','sss.com','***-****-****','sss@sss.com',,
,'tttt tttt','ttt.com','***-****-****','ttt@ttt.com',,
,'uuuu uuuu','uuu.com','***-****-****','uuu@uuu.com',,
,'vvvv vvvv','vvv.com','***-****-****','vvv@vvv.com',,
,'wwww wwww','www.com','***-****-****','www@www.com',,
,'xxxx xxxx','xxx.com','***-****-****','xxx@xxx.com',,
,'yyyy yyyy','yyy.com','***-****-****','yyy@yyy.com',,
,'zzzz zzzz','zzz.com','***-****-****','zzz@zzz.com',,
